145644651318214656:	joy
140471946109403136:	joy
139747481994010625:	joy
139134295511011328:	joy
143913861299445760:	joy
144415974819504128:	joy
144530647271227393:	sadness
144079753085849600:	surprise
142077059785687040:	joy
144216080032858112:	sadness
143950607353516033:	joy
137945457665114112:	joy
145923523205013506:	surprise
145348955813855232:	joy
139080885650718720:	joy
141282963739521024:	joy
142263782230589440:	joy
141879389511098368:	disgust
139193983783010304:	joy
139947296468111360:	joy
143019847029243904:	surprise
139813429660749824:	joy
139638413975498752:	sadness
137950735198453761:	surprise
145573875353260032:	surprise
143052514810527744:	joy
143715489988882432:	joy
142208878183059456:	surprise
145580813029883905:	joy
142960412495843328:	surprise
142087751020445697:	sadness
139459272693137408:	joy
141936482163236864:	joy
143188018113679360:	joy
144276709351501824:	sadness
139771621492797440:	sadness
142887932196429824:	joy
140273111332425728:	surprise
140273111332425728:	surprise
144078766505869312:	fear
144862151784407040:	surprise
146269016607039488:	fear
145302838405365760:	joy
142832785218994176:	joy
139444229775691776:	surprise
140492374408306688:	surprise
142486607084269568:	joy
138743676464676865:	joy
140280641949417472:	joy
142694252558811136:	joy
141677431516954626:	fear
144651432006651904:	fear
142111079265337344:	joy
141736339669385218:	fear
145242667972960256:	joy
139878773276418050:	surprise
140849587236773888:	joy
140473953142575104:	fear
138861762576523264:	surprise
143227631834370048:	sadness
142381543397138432:	surprise
139499042857164801:	joy
143688957417357312:	joy
145865930851876864:	sadness
139481439224856576:	joy
141848593559592960:	joy
138468424891375617:	sadness
142718689446330368:	sadness
138877288627441664:	fear
144191588137046016:	joy
142339389371064320:	joy
142034474241245184:	sadness
143500922620887040:	joy
138461121123323904:	sadness
139569310711554048:	surprise
141925048125624321:	surprise
144876411222638592:	joy
141943145498804225:	joy
144676633259950080:	sadness
140945819334475776:	surprise
141174249221132288:	sadness
145681700909883392:	surprise
144757471330836480:	joy
142450895161012224:	joy
143139514423058432:	surprise
141296385193545728:	joy
138771021808402433:	surprise
142729774228447232:	sadness
143745457930240000:	joy
145999742873247744:	joy
145920644251521024:	joy
145539935590555648:	joy
141332449375436800:	joy
142231549541228544:	joy
139773934093615105:	joy
142771031256465409:	joy
143654741665267712:	joy
142481315835551744:	surprise
136451416507154433:	surprise
138319599283355648:	surprise
146264821954904066:	surprise
142470642091040769:	joy
138623829676269569:	sadness
139105851016364032:	fear
142101564050509824:	joy
141549575642152960:	sadness
139079691997954048:	sadness
138111363401777152:	sadness
142194760147410946:	joy
140575965272219649:	surprise
145518685182885890:	sadness
140987687309021184:	sadness
144419094828023808:	joy
145277755850883072:	sadness
144661588920635392:	anger
145277247606095872:	joy
144513640492580865:	joy
145315984159408128:	joy
143440990953414657:	joy
144271265639829504:	surprise
140537684488761345:	joy
136494616403906560:	sadness
143912076103004160:	sadness
141952460460797952:	surprise
143130928812793857:	surprise
143352648496726016:	joy
142056550251511808:	sadness
140412093542309889:	surprise
144568309579395072:	joy
144572800630407168:	joy
139733595928543232:	surprise
141136373745848320:	joy
143745910722142208:	joy
144331021343657984:	joy
144915453154820097:	joy
138620853800804353:	surprise
140904618589818880:	joy
144228589523566592:	sadness
143027856488931328:	joy
146039577465991168:	joy
140823682388992000:	surprise
139557958710337537:	joy
144138691676340224:	surprise
137392108838469632:	joy
139959766884683777:	sadness
138649562637271041:	surprise
144540187320516610:	surprise
140545485210533888:	surprise
144531679149686785:	surprise
140599813019418624:	joy
142481899271630848:	joy
141502731482443776:	joy
139580111820304385:	joy
143155350198169600:	joy
145550173974695937:	sadness
146092421875380224:	joy
142662363592667138:	joy
139611027858931713:	joy
140102563763720192:	joy
142068485751705600:	sadness
142450460656271360:	joy
138986419615051776:	sadness
141331668261810176:	sadness
144009851578748928:	sadness
140483620556120064:	fear
145164182197776384:	sadness
145563507801337856:	sadness
138409044980404224:	joy
144110152604319745:	sadness
143406318252859392:	joy
142815557010472961:	fear
145757055402262528:	sadness
139077982902943746:	joy
139678090493300736:	joy
143079575969206272:	joy
140840947515785216:	sadness
143691119937585152:	joy
136625709232832512:	sadness
146021175632474112:	anger
141478488405311488:	joy
143816680315949058:	surprise
138394298881286146:	surprise
144878448299614210:	anger
138119034494394368:	joy
141577139353948160:	joy
140905356791529473:	joy
143429618211360768:	joy
140795071141384193:	joy
142469042643546112:	joy
138631011876605952:	joy
145743405694197760:	sadness
144851090838532096:	sadness
141336708816965632:	joy
141364644227981313:	surprise
141967273136103424:	joy
142218507436818434:	joy
144976377999929344:	disgust
143657417664757760:	anger
145172123026075649:	surprise
139778573102882817:	joy
145750895701917697:	joy
138842922215931904:	joy
143359365901066240:	joy
142384774160457728:	sadness
144100832193945602:	joy
142201253223608322:	joy
146185248949022721:	joy
144349748076359680:	sadness
140153173150150656:	sadness
144241318556733440:	sadness
144446551576674305:	joy
138027554555703296:	joy
138246967536005120:	joy
143173498653786112:	joy
143023426381152257:	joy
143818894795210753:	joy
146276073976512512:	fear
144910403997155328:	sadness
139390626880954368:	joy
142110152928149504:	joy
137535067332419585:	fear
138053158894174208:	sadness
141640945643954176:	joy
140469572359831552:	fear
146090077901176833:	sadness
140215167903477760:	joy
140333042425274368:	sadness
140835084755402752:	sadness
139927304410378240:	joy
145808905069527040:	joy
142889508076126208:	joy
144954636263104512:	sadness
145240092477374465:	joy
143769086676045825:	sadness
140504349175586816:	surprise
146083425319784448:	joy
138845836665827328:	sadness
143964759807639552:	joy
143766807151517696:	joy
139103902791512064:	fear
142510698721841152:	joy
139136250664849409:	joy
141176785357389824:	fear
144804821512364032:	joy
140632335564537856:	joy
142411864335323136:	anger
145882828859645952:	joy
145672173552545792:	sadness
145160529823006720:	joy
140466991747170305:	fear
140466991747170305:	fear
138815608358834177:	joy
146179487426547713:	sadness
145286510151868416:	joy
140934900663595008:	sadness
144061368847450112:	fear
140666920549621760:	surprise
139225854118072320:	joy
139837185888235521:	joy
143635711290126336:	fear
142381019218194432:	joy
144794322229936129:	joy
138418569519185921:	joy
140339118101114880:	joy
145591031759503361:	surprise
139440975620739072:	joy
144769651396710401:	joy
144581889221595136:	surprise
138814796773593088:	joy
145895462115868672:	anger
141686607131590657:	surprise
143797652516118530:	surprise
143415144897183744:	joy
143072537243430913:	joy
140336866175090688:	surprise
141708532184657920:	sadness
145141120354099202:	joy
139791415231258624:	fear
140171789836890112:	joy
138254445740965888:	joy
142198623285948416:	fear
146268556294762496:	joy
137660065963450371:	joy
139444315326922752:	surprise
145962154741342208:	fear
143994969860997120:	fear
145970380304166912:	joy
143504641903177729:	sadness
145146404480888834:	joy
145649541323046912:	sadness
140236269803413504:	joy
143236482486902784:	sadness
139120375433932800:	surprise
144385202351910912:	joy
143869851860078595:	surprise
138216025383636993:	joy
143946266890604545:	joy
143652940022939648:	joy
142466475607855104:	joy
144643909795061760:	joy
141737311275716608:	sadness
139901036721733632:	sadness
144858314327605249:	joy
139123872351002625:	joy
142969845263245312:	surprise
142756471850024960:	fear
139361646324887553:	joy
138416458844741632:	joy
145883252689866753:	fear
144592430967169024:	joy
138888721566150656:	joy
145919269677445122:	joy
140869543391268864:	sadness
138657457143689216:	joy
143356312120598528:	surprise
138985689818742784:	fear
143550161640108033:	sadness
144795810478043137:	sadness
146105649590308864:	joy
138807648450646016:	joy
145335577565331456:	joy
140962513993990144:	joy
140173000145252352:	surprise
145127536026861569:	joy
144378777496072194:	fear
144602477558370304:	sadness
145635340164677632:	fear
142663945302450176:	surprise
141925933136347136:	joy
142743523748364290:	joy
137871807956004866:	joy
140889931668127744:	surprise
141502041976602624:	joy
138730046344015872:	sadness
142663931603857409:	joy
141949196109484033:	surprise
145119978029457408:	joy
137251680000557056:	joy
138597626487644160:	joy
144264866591555586:	joy
141503957351665664:	surprise
140990660839882752:	joy
137961665332379648:	joy
145359264158986240:	joy
144600452049272833:	joy
139786075924201472:	fear
144473403779334144:	surprise
143927373576933377:	sadness
145728009352126464:	joy
145733416585936896:	sadness
141654949888147456:	sadness
145169396611031040:	joy
143209425455431680:	joy
145692539670900738:	fear
144968280065581057:	surprise
143836687678705665:	anger
144077951980417024:	surprise
144232973309448192:	fear
144636326044635136:	surprise
137856279254278146:	joy
138797396783136768:	sadness
143792925636182016:	joy
143104541074796545:	surprise
138109509267755008:	surprise
145537402163834880:	surprise
141343760452820992:	joy
142564578344189953:	joy
142020995094548480:	sadness
142634687234441217:	joy
138692488998293505:	surprise
145729511479181312:	fear
139024593175322624:	sadness
140814398305468417:	sadness
142437429096366081:	fear
143119075021832192:	fear
145596206305918976:	sadness
142845091378237440:	joy
140168132777082880:	joy
143609903179771904:	fear
142901343026294784:	joy
142898675759321088:	joy
139913020523552768:	fear
142639575754489856:	joy
142725796660912129:	joy
144531964274278400:	sadness
144787306811883520:	surprise
138064802928013312:	joy
142301420517990400:	joy
146268271744794624:	joy
145347408409272320:	sadness
145960303224553472:	joy
142429952913059840:	joy
145344359221575680:	sadness
144902985191927808:	joy
139005312555433984:	joy
137934903630241794:	sadness
145529769834971136:	joy
141273280094015489:	joy
140910823097905152:	joy
144308084418936832:	surprise
140199736375394304:	joy
140973940507025411:	surprise
143048631405117440:	joy
139711848311296000:	joy
145114275369848832:	joy
138633161704865793:	joy
139129355665285120:	fear
144109045127708672:	joy
144343113983475713:	joy
143874101642149890:	sadness
145552328550916096:	joy
140633120436260865:	joy
146255782965551104:	fear
139001079919685633:	sadness
144427151914041344:	joy
145265980728295424:	joy
139923427283836928:	joy
144160471560368128:	joy
140977864387465216:	surprise
136701909397553153:	sadness
143679575153586176:	sadness
142967987455004673:	joy
139118850636644352:	fear
142965495849689089:	joy
146040964950138880:	sadness
143156531209310208:	anger
143901826125807616:	joy
142011442546221057:	joy
143309092751020032:	joy
143721639903903744:	joy
138662850532089856:	joy
138906070604201986:	joy
138727285300801537:	surprise
143060308490063872:	joy
143172640000057344:	surprise
145656586675822594:	surprise
144621016545636352:	joy
140621985490272258:	sadness
138694879046930432:	joy
144743561089400832:	joy
137842216059158528:	fear
145316610310275073:	joy
143460684359933952:	joy
142431404783960065:	joy
145010305028730881:	sadness
145511800706830336:	sadness
144129531685502976:	fear
142846649721565185:	anger
145965587414265856:	joy
143547233130905600:	joy
140484718184497153:	joy
144444011199995904:	surprise
142565274099527681:	joy
139449227934830593:	joy
142993449350737920:	joy
139721418664456194:	fear
145727244650819584:	joy
143591365811511296:	fear
143045142788587520:	surprise
145115699591921665:	joy
144037001681829888:	joy
139168074967425024:	sadness
137737211381686272:	joy
140524293728645120:	fear
143928812474875904:	joy
138932447265038336:	sadness
145126446166310914:	anger
137791457011568640:	fear
138722471233863680:	fear
140707670142357505:	sadness
142069838330859520:	joy
141271064536821761:	joy
138699925193113601:	joy
140674106906517504:	joy
142738759375527939:	joy
142088323362586624:	joy
144688890882699264:	joy
143876638399139840:	joy
144300560240214016:	sadness
139419088320598016:	joy
143872799524667393:	joy
145898800739909632:	surprise
142004737829650432:	joy
140141000826961920:	sadness
146068503194116097:	joy
140539409459187713:	surprise
138321385993928704:	joy
144616996166844416:	joy
143179656311476224:	fear
146273438540111873:	sadness
144745701870546944:	sadness
138063566690463744:	sadness
139551833059368961:	surprise
142366707783184384:	surprise
139734220259065856:	joy
144994736300761088:	joy
144944623436038144:	joy
142166102724718592:	joy
146080161920593920:	joy
144415908830511104:	fear
142443255827668992:	joy
143356124337405952:	joy
144487536436330496:	sadness
144240064275283968:	joy
142429767038275584:	joy
142459175862145024:	sadness
144845115846963201:	joy
139120622780428291:	fear
143566884565028865:	joy
141003476837744640:	joy
144468638009802752:	surprise
142594560072224769:	joy
138359067834990592:	joy
144471768508284928:	joy
139455477170970627:	joy
140837158301876224:	joy
141931086912557056:	joy
140480991939670018:	joy
140556703996448768:	joy
137975343096152064:	sadness
137981333711491072:	anger
140988524227858433:	surprise
143246643431604224:	joy
143339704635494403:	joy
139268553940541440:	joy
145222409513992192:	joy
138087462118490112:	joy
139009820303962112:	surprise
144234344544866304:	fear
140964431457812480:	joy
144989143066361857:	joy
140185542569631745:	surprise
146011643342622721:	anger
142240185764167680:	joy
141454922687315969:	joy
144265939083476992:	sadness
138283297246674944:	joy
138351962432339970:	joy
140858816089694209:	joy
139432866156265472:	surprise
144564506431995905:	sadness
140760800909475841:	joy
140092934648369152:	joy
141571318180093953:	sadness
144226371370090496:	joy
144085680446906368:	joy
143540384637779968:	sadness
144949377306345472:	joy
139559265072455680:	joy
141366550283296769:	joy
139864186774753282:	joy
138478791877083137:	joy
139962329830932480:	sadness
138726526744137730:	joy
142600627149750273:	surprise
143692375712215040:	fear
140974609087479809:	sadness
139837607436750849:	joy
144125818753396737:	fear
138742882923327488:	joy
140828138786652161:	joy
144207939954151425:	joy
140975418185486337:	joy
143443756681670657:	fear
138646815271690240:	joy
143899468759171072:	joy
141633835896020993:	joy
143962345612394496:	sadness
142637558067769345:	fear
142056844247052288:	sadness
145148070387130369:	joy
144155948947226624:	joy
142306623745040385:	joy
145306742060888064:	joy
143010758236700672:	fear
143016754392739840:	joy
140484387165835266:	joy
143717582162235394:	joy
143499550039093248:	joy
143746550294773761:	fear
139953963385618432:	joy
142318325907726337:	joy
143210996381663232:	sadness
139606901989187586:	sadness
140982035018821633:	joy
146014731260530689:	joy
145025084116049920:	joy
139880832897785857:	fear
142783886802432000:	joy
143382545776644097:	joy
138343919640510464:	sadness
145334636673896448:	surprise
139437104282349569:	fear
146277001559416833:	fear
139789680861380609:	joy
142770236414894080:	sadness
146028347430944768:	surprise
138950229029421056:	joy
140219419476500481:	sadness
136781219626094593:	sadness
138802840285093888:	joy
143200060736409600:	joy
142242957855170562:	joy
141230661448110081:	surprise
140124984646443010:	joy
141155993269710848:	joy
142464041498062848:	anger
138481527041441793:	joy
145679708552577024:	sadness
141982937540329473:	sadness
145950894964473858:	sadness
143079172095492096:	joy
140759566387392512:	joy
142077425487069184:	joy
136870964075036672:	sadness
144689643852529664:	joy
143594527805022208:	joy
146066516549439489:	joy
144883122931118081:	joy
138998458743926784:	sadness
142422770507190272:	joy
143079984188239872:	joy
141336597806333952:	joy
143577553754525696:	joy
138736746056794112:	fear
144293885110272001:	joy
142575640602886146:	sadness
141399183667118080:	joy
143498738785193984:	sadness
144667608833196032:	surprise
144985432273321984:	joy
140728470920630272:	joy
144640812796485632:	fear
139245291185520640:	joy
143627116221706240:	sadness
142510334647869440:	surprise
137300776971284481:	anger
136789263193870336:	anger
139481613946990592:	joy
145736753741963264:	joy
144614512979476480:	surprise
143341323959795712:	surprise
143423675272667136:	sadness
141728525379047424:	fear
144088601712537600:	joy
140522184387985409:	surprise
139135743737085955:	fear
139806292050063360:	fear
139826520691716097:	fear
144933412380229633:	joy
140971235650703361:	sadness
144192579800543233:	sadness
143134185299771393:	joy
146064396819496961:	sadness
143725889207795712:	fear
145981824835923968:	joy
139472591462219778:	joy
145611839798132737:	joy
145561326083780609:	sadness
138872111182774273:	joy
139775247527325696:	joy
141274163024371712:	joy
139104705371582465:	fear
142804588213440512:	joy
142461224041455616:	joy
144385366659575808:	sadness
145895348517355520:	joy
144948175973777408:	fear
144086929485479939:	joy
144835873932967936:	joy
138665414594011136:	fear
143265285527449601:	joy
144168707667664896:	joy
139146347885498368:	fear
143215201938968576:	fear
141568663848353793:	fear
139352591493644288:	joy
137552246337576960:	sadness
139400748395016192:	surprise
139009897676275712:	fear
141582825353785344:	joy
141666523797405696:	joy
144989307965423616:	joy
141462807043510272:	joy
145724373469364225:	surprise
139845654229954560:	joy
144508642731900928:	joy
138101617055645696:	joy
143878359196237825:	joy
145912957363167232:	sadness
137358807406882817:	joy
140089298618818560:	surprise
143554170744610816:	joy
143041763127459841:	joy
145175656043520000:	sadness
142885440347836416:	joy
140086635869118464:	surprise
138435528923152385:	surprise
145173806590345217:	joy
140622900699992064:	sadness
141636195145891841:	sadness
138360304559075328:	sadness
144204645621968896:	sadness
144846160555806721:	joy
144117748048478209:	joy
138161456385503233:	surprise
144522813888413697:	fear
145944961500708864:	surprise
145170378346606592:	joy
144078850572304384:	sadness
141158575740436480:	joy
144629797379784706:	sadness
138343963131252736:	joy
140973307850788865:	joy
142695009584545792:	joy
141641271822393344:	joy
142757797929553920:	joy
142761013144596480:	surprise
140392934620143616:	joy
144160393059778561:	joy
138788975845441537:	fear
145258595884343296:	joy
142943043249651712:	sadness
143740253486845952:	sadness
141581815700930560:	joy
143565023543967744:	joy
139944654673162240:	joy
142739342970978304:	joy
144972051793457152:	surprise
145009285070467072:	surprise
141001336694120448:	joy
142663732466692096:	joy
141846394687328256:	joy
144991511728238592:	joy
138737178070106112:	joy
143763292664500225:	fear
144846352877228032:	joy
146132763450425344:	joy
145153971936428032:	surprise
143843099305713665:	surprise
138982970311708672:	joy
138760811177971712:	joy
136614633346838530:	joy
145669184884449280:	joy
141881667727003648:	surprise
144128446472261632:	sadness
140885875792941057:	joy
145309018636828672:	joy
143903188385406976:	disgust
143141362693443584:	joy
144373389539291136:	fear
144243366341787649:	joy
139712545702412289:	joy
140880880204910593:	joy
140910702322925568:	joy
144512176596582400:	joy
139146072495894528:	joy
143186546210779136:	joy
145015563423465472:	joy
142005539105288192:	surprise
142820130374684672:	joy
144417988106403842:	joy
143515485156290560:	joy
140817432905388032:	surprise
142681613019521024:	surprise
138996946412113921:	surprise
141664556597518336:	joy
139339220308332544:	surprise
139623317089959937:	joy
144899284943372289:	joy
138613927369129984:	surprise
138458984955912192:	sadness
146107581541253120:	joy
140530809290502144:	joy
140134411143348224:	sadness
138418845290463233:	joy
145432319304548352:	sadness
139667047071219712:	joy
141248440515567617:	joy
142804745080414208:	joy
139481908504563712:	joy
138486921943986176:	joy
139076680676421632:	fear
139010336006217729:	joy
143372214346067969:	joy
145349648905801728:	joy
139120460695740419:	joy
142547955730235392:	surprise
139457364402245632:	joy
141032047908102144:	surprise
139740695547228160:	surprise
140201861553729536:	joy
141990666002644993:	joy
136842861823000577:	fear
140088752126177281:	joy
143733746607194113:	joy
141289738073145344:	joy
141278363078754307:	sadness
144125874160148480:	joy
142793193283534848:	joy
139605347278131200:	joy
144611246317121537:	joy
145957884570763267:	joy
143276769955414017:	sadness
141021367603699713:	surprise
138663951679500288:	joy
138895690364497920:	sadness
138431057774120961:	sadness
142681865294331904:	joy
144861024128991232:	sadness
137767439994851328:	sadness
138805709801398272:	joy
139489940869365760:	joy
146172011687845888:	joy
141665598865293312:	joy
141297056936493056:	sadness
141100282292617218:	surprise
139681895331020801:	joy
145169401287671808:	sadness
138689517862387712:	anger
138633448771424257:	joy
141926457369825281:	sadness
145208707813351424:	joy
145719880421867521:	surprise
139385061643534337:	joy
141066041630539776:	joy
140998983257567232:	joy
144095848643559424:	joy
144779291715043328:	fear
139786997899329536:	fear
145177112490418176:	joy
141845443364651008:	sadness
141705597648244736:	fear
139223829489778689:	joy
141410053134626816:	joy
146219513623478273:	anger
145507666037444609:	joy
140652224215912448:	sadness
145767345435066368:	sadness
142815412114034688:	fear
145580194672017409:	joy
142023516353601537:	joy
145619515928084480:	sadness
140162652977627136:	sadness
138961082864762880:	joy
139515599851241472:	anger
145039300000620544:	joy
144687690120568832:	sadness
144172621938950144:	joy
141757147670265856:	joy
145405764188635136:	anger
142286485029265410:	joy
144180157085782016:	joy
144873562270990337:	fear
139828359503945728:	surprise
140188345060954112:	joy
140309469509844992:	surprise
139537737463246848:	joy
145219005240705024:	fear
142264874624487425:	joy
142013940338130944:	joy
146133136894459904:	anger
143853828150796288:	joy
142200039098417154:	joy
143125849691000833:	sadness
140333396260950016:	sadness
144240261000736770:	joy
144097199997992960:	joy
144243721297342465:	joy
138725310203035650:	joy
137032151190355968:	sadness
140151021920993280:	surprise
139155204481351680:	anger
139509799804080128:	joy
140194111134244864:	joy
142517087489896448:	fear
139463152738902016:	surprise
140335744924393472:	joy
145573735091539968:	fear
145226729609363456:	surprise
142217006123454464:	joy
144775314407571457:	joy
137908314171383809:	sadness
142766430780260352:	joy
143979972971864065:	joy
142193700519411712:	joy
143325852002820096:	surprise
143445432075419648:	sadness
139528872210345984:	sadness
140168442979426304:	fear
139556970876239872:	surprise
137789887863717888:	joy
140351006788689920:	surprise
141538927151562754:	joy
145636006761205760:	surprise
143192703738449920:	joy
138759611745439744:	joy
139837341501112320:	joy
144183117698170880:	joy
143890824055357440:	joy
145924725653250049:	joy
146193570850803712:	sadness
137718409268965376:	sadness
145209698491170816:	joy
138755779015606272:	joy
139177685594292224:	surprise
143079873303425025:	joy
144664950235860992:	sadness
139111440576552960:	surprise
145991779194372096:	joy
139088250227785729:	fear
140326621679857665:	joy
145723793246130176:	surprise
139279070386073600:	fear
144467991692705792:	anger
143785757352538112:	sadness
145585918282170369:	joy
144181211819016193:	fear
142349669161377792:	joy
140299724552024065:	joy
144643437520625664:	sadness
136852843159228416:	joy
140091975251673089:	joy
143437248686338049:	surprise
138975271238905856:	joy
142815026405838848:	joy
144656755056574464:	joy
143552560366751744:	fear
138672725479800832:	joy
143718231855734784:	joy
143093157016514560:	joy
144221509416796161:	sadness
142490781196881920:	joy
141227901906460672:	sadness
142386490725502976:	joy
142107007393087489:	surprise
146169829387276288:	joy
142651439041359872:	joy
142332162950172672:	sadness
138712795670786048:	joy
139105829323415553:	fear
144895090572263424:	joy
145542587418292225:	joy
144824467657474048:	joy
141604682970824704:	sadness
138035248767307777:	joy
139636560227344385:	surprise
139038249401331714:	joy
139074649832169474:	joy
140199567122632705:	joy
139249968379723776:	joy
144455250273771520:	surprise
137730878557261824:	sadness
140865428783239169:	fear
144133005642960896:	surprise
145687208697921537:	joy
144280621152350208:	surprise
142296932247814144:	anger
140139190351433728:	sadness
144040451412996096:	joy
144000190041440256:	surprise
142361230793904129:	sadness
139113412415328256:	fear
145087762637393920:	surprise
140979482025672704:	joy
141581437970300929:	sadness
139389736295993344:	joy
143890928854245376:	surprise
145262571698659328:	surprise
142694876427993088:	joy
138661138220064769:	sadness
141344411110998016:	sadness
142077455845429249:	joy
138700721779511296:	joy
144499201567490048:	fear
145942611813859329:	joy
146068400026824705:	sadness
140108722960740353:	joy
143495570194042880:	surprise
145728271223500800:	joy
143535143498424320:	joy
139488288154198016:	joy
146117968865136641:	joy
138715369786458112:	joy
145402799218372608:	joy
141655477556756480:	joy
141580065153622017:	joy
143880789589884930:	sadness
141186483875880960:	sadness
144153791644704769:	joy
144796692452089857:	joy
144645015937888256:	joy
144522995615010816:	surprise
143759737484357632:	joy
146276031668568064:	anger
139260685371715584:	sadness
142616230673649665:	surprise
144547682390786051:	joy
145778394116788224:	joy
145402260418084866:	disgust
144660899209297921:	joy
141169382394036224:	sadness
143380400562122752:	joy
142012078692114433:	joy
138148298002399232:	fear
141516453496102912:	joy
141960669967810560:	joy
145418982525124608:	surprise
143166847703990272:	sadness
145120122439344128:	joy
142301309079523329:	joy
145546403249274881:	joy
143894489562488832:	fear
140151672403001344:	surprise
139941999552897024:	joy
144895580919971840:	joy
144214167409262592:	joy
145190760923402240:	surprise
141869671237435393:	sadness
139639376572465152:	joy
141179124462002176:	surprise
142047771275440128:	sadness
139998567644413952:	joy
140871639473729537:	joy
139465204915384320:	joy
137638024472297473:	sadness
140732039736471552:	joy
141638993749090304:	joy
138031424799375360:	sadness
144112782273544192:	joy
146119856570372096:	anger
140434218944692224:	joy
144468048408084481:	joy
140822587780509697:	joy
140463115052662784:	joy
142092157996642304:	joy
139504373133873152:	joy
142805010588241920:	surprise
144388585804673024:	joy
146035928845135872:	joy
140668637647343617:	joy
140257296465924096:	joy
144195489569570817:	fear
144412933252841473:	joy
139723186932682752:	joy
146146946879463425:	fear
138795704930934784:	joy
141295417559220224:	joy
143419646593351680:	joy
141227632946712577:	joy
143878444642598912:	joy
143558220424822784:	joy
139793212465348608:	joy
142677940499529728:	joy
138890245201592320:	sadness
139696200751382528:	joy
141893712035848192:	joy
139103982739128320:	fear
142213251646754818:	joy
143716792345440256:	surprise
141408155505655809:	surprise
145519074754052096:	sadness
141209036757532672:	joy
142092777134632960:	joy
144522960886173696:	anger
140186234835312640:	joy
145362071951904768:	joy
141532076791971840:	fear
142661157126291456:	joy
140494972188229632:	joy
139408096693993472:	fear
144286060422234113:	fear
142289924434046976:	joy
138968738090336257:	joy
142089023509368832:	joy
142736419624992768:	surprise
139575653816213504:	joy
141909821816455168:	joy
140148497826582528:	joy
142766317274017792:	joy
143161666031452161:	joy
144043311928320000:	joy
143802839838359554:	joy
144611624827891712:	sadness
139405292361355265:	fear
139402575773564928:	joy
145287021332668417:	sadness
141123369897701376:	joy
144857364900741120:	joy
141886196614828032:	sadness
144877599749963776:	joy
145285870642143232:	sadness
138038411641634816:	fear
143987104421126145:	fear
144453328494002178:	joy
142342677336293376:	joy
141621059983126529:	joy
142647994452422657:	sadness
138703434672115712:	sadness
144582238724562944:	joy
144821957651726337:	surprise
142406195108524032:	sadness
144915248388915202:	joy
143889097537232896:	sadness
145871936067608576:	joy
139138549785165824:	joy
142316523397193729:	joy
142858820186681344:	sadness
139772677249441792:	fear
140789284838969345:	joy
143189968376958976:	surprise
139057197693939712:	joy
144162991250751488:	joy
146144594139168769:	joy
139734082790752257:	joy
144543261552427010:	joy
145212604984475648:	joy
145015054067179520:	joy
139436738102837248:	surprise
143006224428961792:	surprise
139097903498137601:	joy
145801739705139200:	sadness
142141647248031744:	joy
143884581844688896:	joy
144799071335481345:	fear
138914248280641539:	sadness
139113714690424833:	fear
140235994267009024:	joy
139173861357924353:	joy
137952437960052736:	joy
139039042514849793:	surprise
143242768767131648:	joy
143702914140090368:	surprise
138959914335866880:	joy
138473805269049344:	sadness
140505912212336640:	joy
142450218036768768:	joy
141392930278617089:	fear
142970558777266176:	joy
139105216460103681:	fear
140741609351426049:	joy
139590995519078400:	joy
142672175286059008:	joy
137887573266808832:	sadness
139793321605349376:	joy
142287680938577921:	joy
141839785638629376:	sadness
139338888945741824:	surprise
144408140966932480:	joy
140197889879191553:	joy
144174977975984128:	joy
144735223719002113:	joy
139201179715502081:	joy
144972102477414400:	sadness
138654841068195841:	fear
139741177665687554:	sadness
140799316028686337:	surprise
143108259916693504:	joy
140577569799024640:	joy
144694357944057856:	joy
141159991028613121:	joy
143986259033997312:	joy
144947558479958016:	joy
143041440870699008:	surprise
141594278630670337:	joy
142082430411603968:	joy
145007006141513728:	joy
145877640576892928:	sadness
143663121024819201:	surprise
139108616195149824:	fear
144091740343775232:	joy
145268929663746048:	joy
145984574076358656:	sadness
140063303161487360:	joy
138600054213722113:	joy
144052128594411521:	sadness
139674564841050113:	fear
142328412323840000:	joy
142469723836256256:	joy
143638726273286144:	fear
142282590118887424:	surprise
140239748101967872:	joy
138125133507330048:	surprise
141067370100822017:	joy
145216772327477248:	fear
138328312203313152:	anger
144627524339646465:	anger
141600818095861760:	disgust
144394942180110336:	joy
140221471959158785:	joy
144821442960297984:	joy
142867778733473792:	joy
142400348596875264:	joy
139948788533047296:	sadness
140127460472791040:	sadness
139640903026475008:	fear
140853666730090496:	joy
140143890341699584:	sadness
143080396563816449:	surprise
144872838636122112:	joy
141313982047854592:	surprise
145044085923774464:	surprise
141012839157596161:	joy
145971889548955650:	joy
139970297611829248:	surprise
146089269239353344:	joy
144290476391010304:	joy
138788852780384257:	joy
139476758968799232:	joy
140902548142952448:	joy
143839897294340097:	joy
144843655499358208:	joy
143525018289176577:	joy
144479171597434880:	joy
139804729109782528:	surprise
146213678021226496:	joy
142627599007481856:	joy
137987151106293760:	joy
145375317043851264:	surprise
140973771061329920:	sadness
144959492327620608:	joy
144806439104425984:	surprise
138268866882174976:	joy
137314982445588480:	anger
138448061541269505:	fear
138686284272107520:	joy
142549596680368128:	fear
144027421790834688:	joy
145171399097597952:	sadness
144676423410520064:	joy
142491438029078528:	joy
144162583123988481:	sadness
141241517921673216:	sadness
146211656886788096:	joy
143137064454602752:	sadness
146125166970277888:	joy
144578841124409344:	joy
140997023007645696:	sadness
141746001487740929:	joy
141002570297655296:	joy
138301730008993792:	joy
139126799824191488:	joy
141516885782048768:	joy
138623971963842560:	sadness
138605512320233472:	joy
138301539331747840:	sadness
145829342000332800:	joy
144497211236028416:	joy
141231604797407232:	joy
138651730194870272:	joy
140624142893457408:	joy
143182514612211712:	joy
144854999921467392:	sadness
145995744518750208:	joy
141123832638476288:	joy
144307661423378432:	joy
144593100424224768:	joy
142632792382124032:	joy
141612723887816704:	joy
141910709339566080:	joy
139093802685177856:	joy
139712020831404032:	joy
139428462405492736:	sadness
142611390086119424:	joy
144582957074624513:	joy
139247336147779584:	sadness
144901419147853824:	surprise
143527351630835712:	sadness
145333929493278720:	anger
138358541705691136:	sadness
141161718112976896:	joy
142386483284811776:	joy
145634955731533825:	joy
144300878189436928:	surprise
144883743730044928:	surprise
144974622687887360:	joy
141547118555955201:	joy
145609855946854400:	joy
146090728219607040:	surprise
144421654309769217:	joy
138597662332162048:	joy
144042606643519488:	joy
143400758308634624:	fear
138914158283464704:	joy
141576167730855937:	sadness
145604136203849729:	joy
140563704772165632:	anger
140114316144820224:	joy
139453425216794624:	joy
144514459099074560:	joy
141186165553381376:	joy
143026615390183424:	fear
142886819846041600:	joy
140472968823324672:	joy
140281056006901760:	surprise
142654340165935104:	joy
141363672999145472:	joy
140184051310002176:	joy
145420860327591937:	joy
141979527353085952:	joy
139090266308100096:	anger
143831498922004482:	joy
143425895510716416:	joy
141449061457866752:	fear
138660576887967745:	joy
143449222690258945:	joy
144502281163898880:	joy
144780206777974784:	joy
144587318387425281:	joy
138710038708633600:	joy
143799019410427905:	anger
143203499113578498:	surprise
144812570551918594:	joy
143396191131009024:	joy
142366480393191426:	joy
141862490056306689:	joy
141805812250198016:	fear
142880408038674432:	joy
144272925120401409:	sadness
139554787103473665:	joy
138883864151076865:	surprise
139454319446605824:	sadness
144178545663553536:	joy
137793921022558209:	sadness
142438016881922049:	joy
139982836852736000:	sadness
142424325419569153:	surprise
138663094242115585:	surprise
142821372710764546:	joy
141993485980024834:	joy
140113092561469440:	joy
145711537498238976:	joy
139547265504247808:	joy
144587664904044544:	sadness
143136425783738368:	joy
143415765113122816:	joy
141239763410759681:	joy
144162301908496384:	joy
143493054156902401:	sadness
143192799813173248:	sadness
144390211869229058:	joy
144827103152570369:	sadness
140561316871016449:	joy
144631297741033472:	fear
137862911480709120:	joy
139244039420653568:	anger
139064243919138816:	joy
144094782824779776:	joy
138554436384604160:	surprise
144316686533795840:	sadness
144839418107277313:	joy
145398775282806784:	surprise
144536004227903491:	sadness
146250162552049664:	joy
146007531830001664:	joy
144962720549187584:	fear
144507163467980800:	joy
140089603813154817:	joy
137064317534208000:	joy
146144422487277569:	fear
142247982757199873:	surprise
140357669570625536:	joy
145870596180410369:	joy
143688009169117184:	surprise
144174171486830592:	joy
138439077555994626:	fear
139054658864947200:	joy
138948288631152641:	sadness
145516066553069568:	joy
140097491499630592:	joy
140882804551581697:	joy
142059291757645824:	joy
145787673901150208:	joy
138576774366896129:	joy
143479973456519168:	sadness
143807645915156480:	surprise
143266124908335104:	joy
144928771496087552:	joy
137965405879799808:	joy
140894699107008512:	anger
139916104641417217:	joy
138357790803623936:	joy
144858879241617409:	fear
143366260510572544:	surprise
142811455996174337:	sadness
141670539122049024:	sadness
138322310280118274:	sadness
141419630198669312:	sadness
141641536671711232:	joy
139440540558180352:	sadness
143082657738268672:	sadness
139051786467155969:	sadness
144928751602511872:	joy
145704435069366272:	surprise
142943047875960832:	surprise
142923566193709056:	joy
145563393758216192:	fear
146146378366726144:	joy
142431336978857984:	sadness
139789843558449152:	joy
140895906290614272:	joy
142001980695523328:	joy
140715903015862272:	joy
146038612423749632:	joy
143024076351488000:	fear
145031636625534976:	sadness
143127081671327744:	joy
139360317489680384:	joy
140496306174042112:	joy
143369599021350913:	joy
142943984875094016:	joy
139402353181851648:	joy
141538059433951233:	joy
143454185730478080:	fear
141668799513501698:	fear
139753139422244865:	joy
137925325744115712:	sadness
144422522597806080:	joy
137496484429037568:	disgust
139976188327231488:	joy
141490645926813696:	joy
144279846376316928:	fear
141942663128682496:	surprise
145302277568204800:	fear
142672962900860928:	joy
140456213296070656:	joy
141218289169866753:	joy
138732592613699585:	joy
140489684311744512:	fear
146083060813803520:	fear
141022314782400512:	joy
142017950768037888:	joy
143515078602395648:	sadness
142894884523753472:	fear
139028141682331649:	sadness
143608432417710080:	joy
142584004409966593:	sadness
145542379674406912:	fear
143929370241798144:	surprise
142625529487568896:	surprise
138988377847504900:	joy
145667781327716352:	surprise
145224239455277056:	surprise
140993784866553856:	sadness
139157353466564610:	joy
139914373547307008:	joy
142967312549543936:	joy
138700209340420096:	joy
145281710521729024:	joy
142431857173213184:	joy
142771194377154560:	surprise
139317777478598656:	surprise
146244537591939072:	joy
138767896913526784:	sadness
145417625810386944:	surprise
144247102057357314:	joy
142332625640632320:	joy
142480861156229120:	joy
144808009967747073:	surprise
144796292189650944:	joy
140226390531375105:	fear
144833461172187136:	joy
145682435013738496:	joy
142018392730255360:	joy
139185472042844161:	fear
140622077869817856:	surprise
143052889890373632:	joy
139594252228362240:	sadness
146117449937457153:	joy
139751760041476096:	joy
140087871938895872:	joy
141537665924333569:	joy
145178776656027651:	surprise
143826361935601664:	joy
142762266960470017:	joy
142364254564130816:	joy
141255822364786688:	joy
146241530032689153:	joy
142835879529021440:	joy
143442841346113537:	joy
138951307577933824:	joy
144183021841555456:	surprise
143199537740263424:	anger
142107222460211200:	fear
138592108578746369:	anger
139110458102784001:	fear
142508425220341760:	joy
142338341537447936:	surprise
139742093697482752:	joy
145843123711512577:	surprise
144039783553966080:	joy
139998279550251008:	fear
142481829813960704:	sadness
143487093103001600:	sadness
143222139108077568:	joy
143666158917259264:	surprise
140924041174323200:	joy
145954085781245952:	joy
145292321154539521:	surprise
145267585909407747:	joy
